concurrent_requests,response_time_ms
100.0,62.24521673296344
200.0,57.203018983951594
300.0,54.13549586678849
400.0,52.45198422849425
500.0,57.98450800648053
600.0,62.05444966225985
700.0,63.68110089028561
800.0,75.65630506587893
900.0,72.3481486677183
1000.0,62.88185211059956
1100.0,70.33229226225478
1200.0,67.4884183420579
1300.0,69.06205177754146
1400.0,72.40203808314249
1500.0,75.59585558487697
1600.0,71.86302961447824
1700.0,79.9744300774649
1800.0,70.0797825534985
1900.0,76.99598102609707
2000.0,91.17018681479733
2100.0,80.55984315757082
2200.0,87.92078951416295
2300.0,82.57298550625066
2400.0,86.43329724135486
2500.0,84.71608402803653
2600.0,85.67857433907695
2700.0,84.2275880163729
2800.0,91.93874083734094
2900.0,87.26405318450595
3000.0,96.6612595149005
3100.0,100.65370774950229
3200.0,99.04195936176755
3300.0,97.85447061793582
3400.0,103.73324253068982
3500.0,102.20663472226794
3600.0,110.83158178117189
3700.0,99.52718010524019
3800.0,109.67331451075812
3900.0,104.21260669104669
4000.0,109.66755299172111
4100.0,127.11342879612836
4200.0,128.1122885462221
4300.0,123.59009883357606
4400.0,123.45522465527938
4500.0,120.17735581079174
4600.0,136.592867287923
4700.0,156.03064648980845
4800.0,151.06331024620712
4900.0,151.43290780052178
5000.0,162.32540104750151
5100.0,158.44520823502782
5200.0,171.5568614473814
5300.0,180.95193281962415
5400.0,188.1409253123233
5500.0,201.45403060845038
5600.0,209.0916471838119
5700.0,221.67496342387332
5800.0,227.14637388296381
5900.0,248.86407704205268
6000.0,268.14468473812
6100.0,273.00639525888585
6200.0,294.02306018296565
6300.0,329.1789216816011
6400.0,349.95237097561574
6500.0,392.01910696033286
6600.0,424.45398810720576
6700.0,486.02522788135343
6800.0,546.3717147983127
6900.0,636.2911441166139
7000.0,767.8235901083497
7100.0,945.6911476127789
7200.0,1255.2943895203741
7300.0,1882.757178959862
7400.0,2512.2616697532135
7500.0,2502.1712046390953
7600.0,2513.1873545132535
7700.0,2507.306143411909
7800.0,2515.7390633036657
7900.0,2498.0286984754953
8000.0,2506.0671711244768
8100.0,2501.567659243827
8200.0,2505.868852668178
8300.0,2511.2383295055424
8400.0,2509.1038668727488
8500.0,2508.7331121552575
8600.0,2509.2040756430974
8700.0,2511.0169412030973
8800.0,2504.9573197902823
8900.0,2513.534248204493
9000.0,2513.313329851925
9100.0,2511.9251896882784
9200.0,2512.782667213754
9300.0,2511.482090004041
9400.0,2520.175366513653
9500.0,2509.5645291447354
9600.0,2508.464583908325
9700.0,2506.2323620982106
9800.0,2504.8386866471087
9900.0,2503.777641061992
10000.0,2505.556013433843
